{
"lengthUnit": "mil",
"components": {
	"fields": ["COMPONENT_NO", "COMPONENT_NAME", "LAYER", "X_COORDINATE", "Y_COORDINATE", "ANGLE"],
	"rows": [
		[1, "PRENULL1", "T", 3858.27, -305.12, 0],
		[2, "PRENULL2", "B", 3858.27, -305.12, 180],
		[3, "PAD1", "T", 3758.27, 150.59, 0],
		[4, "PAD2", "T", 3858.27, 150.59, 0],
		[5, "PAD3", "T", 3958.27, 150.59, 0],
		[6, "PAD4", "B", 3758.27, 150.59, 0],
		[7, "PAD5", "B", 3858.27, 150.59, 0],
		[8, "PAD6", "B", 3958.27, 150.59, 0],
		[9, "PAD7", "T", 3789.37, -629.92, 0],
		[10, "PAD8", "T", 192.91, -137.8, 0],
		[11, "PAD9", "T", 297.24, -263.78, 0],
		[12, "PAD10", "T", 7419.29, -263.78, 0],
		[13, "PAD11", "T", 7523.62, -137.8, 0],
		[14, "PAD12", "B", 59.06, -629.92, 0],
		[15, "PAD13", "B", 59.06, -905.51, 0],
		[16, "PAD14", "T", 3789.37, -905.51, 0]
	]
},
"pins": {
	"fields": ["PIN_NO", "PIN_NAME", "PIN_X", "PIN_Y", "LAYER", "PIN_TYPE", "NET_NAME", "NET_TYPE", "PAD_SHAPE", "PAD_SIZEX", "PAD_SIZEY", "HOLE_SIZE", "PAD_ANGLE"],
	"rows": [
		[1, "PRENULL1_1", 3828.61, -305.12, "T", "SMD", "R1", "", "R", 31.75, 34.02, 0, 0],
		[2, "PRENULL1_2", 3887.93, -305.12, "T", "SMD", "R2", "", "R", 31.75, 34.02, 0, 0],
		[3, "PRENULL2_1", 3887.93, -305.12, "B", "SMD", "R2", "", "R", 31.75, 34.02, 0, 180],
		[4, "PRENULL2_2", 3828.61, -305.12, "B", "SMD", "R1", "", "R", 31.75, 34.02, 0, 180],
		[5, "PAD1_1", 3758.27, 150.59, "T", "SMD", "2", "", "R", 60, 301.18, 0, 0],
		[6, "PAD2_1", 3858.27, 150.59, "T", "SMD", "R2", "", "R", 60, 301.18, 0, 0],
		[7, "PAD3_2", 3958.27, 150.59, "T", "SMD", "3", "", "R", 60, 301.18, 0, 0],
		[8, "PAD4_1", 3758.27, 150.59, "B", "SMD", "2", "", "R", 60, 301.18, 0, 0],
		[9, "PAD5_1", 3858.27, 150.59, "B", "SMD", "R1", "", "R", 60, 301.18, 0, 0],
		[10, "PAD6_2", 3958.27, 150.59, "B", "SMD", "3", "", "R", 60, 301.18, 0, 0],
		[11, "PAD7_1", 3789.37, -629.92, "T", "SMD", "1", "", "R", 7633.86, 173.23, 0, 0],
		[12, "PAD8_1", 192.91, -137.8, "T", "SMD", "2", "", "R", 267.72, 59.06, 0, 0],
		[13, "PAD9_1", 297.24, -263.78, "T", "SMD", "2", "", "R", 59.06, 196.85, 0, 0],
		[14, "PAD10_1", 7419.29, -263.78, "T", "SMD", "3", "", "R", 59.06, 196.85, 0, 180],
		[15, "PAD11_1", 7523.62, -137.8, "T", "SMD", "3", "", "R", 267.72, 59.06, 0, 180],
		[16, "PAD12_1", 59.06, -629.92, "B", "SMD", "1", "", "R", 173.23, 173.23, 0, 0],
		[17, "PAD13_1", 59.06, -905.51, "B", "SMD", "11", "", "R", 173.23, 173.23, 0, 0],
		[18, "PAD14_1", 3789.37, -905.51, "T", "SMD", "11", "", "R", 7633.86, 173.23, 0, 0]
	]
}
}